ZCTA5N,POPULATION,HOUSING_UNITS,PCT_WHITE_NON_HISPANIC,PCT_BLACK_NON_HISPANIC,PCT_NATIVE,PCT_ASIAN,PCT_HAWAIIAN,PCT_OTHER,PCT_HISPANIC,PCT_POP_65,MEDAGE,PCT_HOMEOWNER,PCT_NOMORT,PCT_RENT,PCT_UNDER_18
20601,24156,8722,40.5,46.1,0.6,3.6,0,0.2,5.3,8,37.3,71.1,11.2,19.9,30.4
20602,24955,9736,33.9,52.3,0.5,2.9,0.1,0.2,6.1,7.9,32.6,59.7,9,34.4,43.6
20603,28967,10317,33.2,51.9,0.3,5,0.1,0.2,5.5,4.8,34.5,73.8,4.7,22.6,29.9
20606,431,230,87.5,10.4,0.2,0.9,0,0,0.9,25.1,49.1,49.7,39.3,18.1,31.2
20607,9802,3504,22.1,64.5,0.3,5.7,0,0.1,4.9,8.6,40.9,83.1,10.3,7.4,22.1
20608,919,426,47.7,49.3,0.5,0.2,0,0,1.3,18.8,46.6,60.4,28.2,15.9,14.1
20609,1120,554,90.1,7.3,0.2,0.1,0.1,0,0.9,24.2,47.6,44.8,38.7,27,28.9
20611,1078,413,74,19.9,0.5,0.9,0,0,1.6,12,44.3,63.8,21.8,18.3,24.5
20612,261,142,93.9,4.6,0,0,0,0,1.1,20.7,47.3,38.3,43.9,31.7,43.9
20613,11860,4424,34.1,57.2,0.9,1.6,0,0.1,3.4,11.6,40.8,73.9,17.4,10.5,26.7
20615,405,204,86.9,7.9,0.5,0.7,0.2,0,0.5,18,42.4,60.9,25.2,18.6,25.9
20616,5857,2203,32.3,56.5,0.5,2.8,0,0,4.2,9.4,36.3,70.1,17.4,15.1,35.7
20617,781,301,75.2,20.9,0.4,0.6,0,0,1.2,22.3,47.8,63.9,31.4,6.9,22.2
20618,607,280,86.2,10.7,0.7,0.2,0,0.5,1.2,22.7,45.2,52.6,35.3,18.6,26.5
20619,10503,4366,76.8,10.6,0.4,3.8,0,0,5.2,7.7,34,55.8,14.7,34.5,24.8
20620,1443,557,73.3,15.9,0.6,3.3,0.1,0.6,2.6,8.9,36.8,61.1,19.2,24.3,32.7
20621,1373,777,66.4,30.1,0.8,0.1,0,0,0.7,15.8,41.8,58,31.3,15.6,29.3
20622,4900,1485,81.6,14.2,0.2,0.6,0.1,0.1,1.8,18.2,43.2,68.8,21.1,12.8,15.6
20623,2744,892,13.5,79.7,0.5,1.4,0,0.4,2.1,6,39.4,89,6.4,4.9,25.6
20624,1282,487,89.3,9.2,0.2,0.1,0,0,0.5,10,39.1,56.4,30.9,18.4,22.6
20625,1062,609,91.4,3.1,0.2,0.6,0,0,1.7,17.1,43.3,63.4,23.5,17.1,31
20626,373,230,90.3,5.6,0,0,0.8,0.3,1.9,24.1,46.1,46.6,42.3,19.3,37.7
20628,594,271,87.5,6.7,0,0.7,0,0.2,3.4,13.6,42.5,57.9,25.8,21.9,23.9
20629,535,341,86.9,7.1,0.2,2.4,0,0,2.4,18.5,47.9,54.1,24.9,28,26.7
20630,348,174,82.5,14.9,0,1.1,0,0,0.6,17.2,47.9,49.3,37.3,21.4,23.7
20632,347,131,83.3,9.8,1.2,1.2,0,0.9,2,10.4,42.4,56,34,15.2,29.5
20634,5927,2375,62.9,22.5,0.2,4.6,0.1,0.1,6.1,6.3,33.4,60.4,10.9,32.2,31.2
20636,9937,3796,87.4,6.6,0.2,1.6,0,0,2.2,11.8,40.3,65.8,21.3,16.4,19.9
20637,5423,1882,74.7,17.9,0.5,1.8,0.1,0.3,2.3,10.9,42.5,75.8,16.9,8.7,18.1
20639,14227,4832,81.7,11.2,0.3,2,0,0.1,2.4,10.3,41.8,77.1,16.6,7.5,16.4
20640,10438,4089,46.3,43.8,1,2.5,0,0.1,2.9,10.1,35.1,61.1,21.1,22.6,36.6
20645,857,386,88.4,7.6,0.2,0.7,0,0,1.3,20.9,46.4,75.4,18.7,7.3,20.7
20646,18890,7015,72.3,19.9,0.5,2,0.1,0.1,2.9,14.2,42.2,65.9,19.5,18.2,26.1
20650,13717,5412,84.1,8.2,0.3,2.6,0,0.1,2.7,13.4,41.1,57.6,23.6,24.6,20.3
20653,24481,10066,57.2,27.1,0.4,4.1,0.1,0.2,6.6,6.7,30.6,43.4,19.5,46.1,42.4
20657,20483,7765,75.4,16.3,0.4,1.1,0.1,0.1,3.7,8.6,35.1,74.2,12.3,15.4,27.3
20658,854,377,61.5,31.6,1.4,0.4,0,0.1,3.3,15.6,45.1,58.5,29.5,17,35.5
20659,23498,8150,87.6,7.7,0.3,0.7,0,0.1,1.7,9.6,37.4,71.9,17.2,13.2,19.3
20660,97,32,91.8,7.2,1,0,0,0,0,8.2,30.9,53.3,33.3,20,23.3
20662,2934,1229,61.5,33.9,1,0.3,0,0.1,1.2,12.7,41.9,55.9,30.4,19.6,31.7
20664,2987,1384,74.3,19.7,1,0.6,0,0.2,2,15,42.9,57.7,26,22,26
20667,494,222,61.3,33,0.4,1,0,0,2,12.8,40.1,43.9,36.3,31.1,41.9
20670,1014,225,63.8,16.7,0.2,2,0.5,0,12,0.2,22,0.5,0,99.5,9
20674,830,511,80.6,9.3,0.4,3.1,0.2,0,3,19.2,47.9,53.7,27.4,25.9,42.9
20675,1671,613,61.8,27.4,3.2,2,0.1,0.1,3.4,16.6,45.1,72,22,7.8,19.1
20676,3871,1545,81.4,13.3,0.3,1.1,0,0.1,2.3,11.9,42.2,73.7,19.1,8.9,19.3
20677,2322,878,75.2,18.9,1.2,1.6,0.1,0,1.8,13.9,44,73.9,18.5,9.3,21.4
20678,11045,4121,71.4,21.8,0.3,1.4,0,0.1,2.3,12.2,39.8,59.2,18.9,27,33.6
20680,1119,585,83.8,11,0.4,0.8,0.2,0,1.9,18.1,45.2,42.1,41.8,27.6,36.4
20684,1125,503,81.9,12.5,0,0.4,0.1,0.1,3.1,15.6,45,53.7,30.1,23.1,30.6
20685,6471,2499,83.9,10.5,0.2,0.5,0,0,3,9.7,40.4,75.9,14.4,11.3,19.2
20686,1332,38,80.9,7,0.1,3.3,0,0.1,5,1.7,20.2,14.3,75,42.9,16.7
20687,313,244,86.6,6.7,0,1.6,0,0.3,1.3,18.8,49,45.4,36.1,28.9,37
20688,1828,1188,88.7,6.9,0.1,1.4,0,0.1,1.2,46.7,62.4,30.9,40.8,47.7,30.4
20689,1694,579,67.7,25.7,0.2,0.6,0.1,0.2,3.9,12,43.3,72.6,19.5,9.9,15.5
20690,740,369,89.1,2.7,0.1,2.8,0.1,0,3.5,16.6,46.5,63.6,19.9,20.5,14.4
20692,1051,434,85.9,9.1,0.1,0.5,0.1,0,1.5,10.7,41.9,60.3,25.8,18.8,20.3
20693,1088,424,83.8,11.9,0.4,0.3,0,0,0.9,12,42.2,71.5,19.6,11,21.8
20695,6794,2574,46.1,43.4,0.8,2.5,0.1,0.2,4,11.3,39.2,74.1,12.7,15.1,26.4
20701,2,1,50,50,0,0,0,0,0,50,60.5,0,0,100,0
20705,26188,9281,23.3,38.4,0.2,11.5,0,0.5,23.6,10.1,35.7,55.9,16,33.4,31.4
20706,38692,13065,8.9,68.5,0.2,4.1,0.1,0.2,16.5,9.7,34,56.4,14.2,34.2,39.6
20707,31538,13576,30.4,42.6,0.2,9,0,0.4,14.8,9.5,35.7,53.6,12.5,38.7,32.6
20708,25546,10733,19.1,60.3,0.2,4.5,0,0.3,12.8,7.3,32,31,15.1,63.5,45.3
20710,9313,3882,5.2,63.9,0.3,2,0,0.2,27.1,9.4,31.5,19.9,12.9,77.2,50.9
20711,6643,2710,78.1,14.8,0.6,0.6,0,0.1,2.9,15.6,44.3,50.4,43,11.5,30.4
20712,9031,3927,12.3,51.3,0.3,2.2,0,0.4,32,6.5,32.6,23,13.6,73.4,49
20714,4345,2179,85.3,6.9,0.5,1.2,0,0.2,2.6,10.9,37.8,57.4,12.2,34.7,39
20715,26382,9357,56.8,29.4,0.2,3.5,0,0.2,6.7,14.5,40.5,72.6,19.8,9.5,22.7
20716,20787,8469,26.8,59.8,0.3,4.4,0.1,0.4,5.2,10.1,37.8,67.9,7.9,26.3,32.1
20720,21031,7229,20,64.3,0.3,7,0,0.2,5.6,6.9,38.9,87,6.6,6.9,23.5
20721,27016,9595,6.2,86.4,0.2,2.2,0,0.2,2.8,10.6,41.9,83.7,5.6,11.3,28
20722,5711,1945,13,38.3,0.3,4.5,0,0.3,41.7,9,35,60.8,14.9,28.6,35.7
20723,28972,10491,47.5,26.1,0.2,14.3,0,0.3,8.2,5.9,35.1,63.9,11.4,27.9,22.8
20724,16093,6615,33.8,41.2,0.2,8.2,0,0.2,13.4,6.2,33.7,53.7,12.7,38.5,35
20732,9919,3957,81.8,11.3,0.4,1.1,0,0.1,2.8,7.5,37.7,72.4,10.9,18.7,29.7
20733,2672,1108,81.9,11.8,0.4,0.9,0.1,0.1,3.1,11.7,43.1,75.5,13.6,12.6,27.9
20735,35421,12617,9.7,80.2,0.3,2.5,0,0.2,5.2,11.4,41.3,80.8,8.8,11.4,33.8
20736,8904,3037,84.4,9.7,0.2,1.6,0,0.1,2,10.6,42.9,78.4,15.8,6.9,14.7
20737,20684,6227,11.8,34.8,0.2,3,0,0.3,48.1,6.1,29.7,42.8,14.7,49.8,36.9
20740,28780,11011,53.1,15.6,0.2,12.9,0.1,0.3,15.1,7.5,24,34.9,23.9,54.1,28.3
20742,7808,1,62.8,11.2,0.1,16.1,0.1,1.4,5.8,0,19.4,0,0,100,0
20743,38621,15511,2.2,90,0.3,0.4,0,0.1,5.5,12.1,35.8,53.2,17.1,35.9,62.4
20744,50722,19468,8.3,75.4,0.2,6.1,0,0.2,7.5,13.4,41.5,70.6,11.5,20.1,39.4
20745,28451,12165,4.6,78.9,0.2,4.4,0,0.2,9.8,9.2,35.4,37.2,13.5,57,60.5
20746,28838,12548,4.4,85.8,0.3,1.1,0,0.1,6.3,9.4,33.5,35.2,11.7,60.1,64.1
20747,40054,16486,3.1,89.9,0.2,0.7,0,0.1,4.2,8,34.2,48.7,9.3,46.3,61.7
20748,38792,16684,5.5,86.1,0.3,1.2,0,0.2,5,12.4,38.4,48.3,14.8,43.3,56.2
20751,2343,1107,91.6,4.1,0.3,0.5,0.1,0,2.6,15.6,45.9,65.1,21.7,16.9,24.4
20754,6951,2420,85.8,6.9,0.3,2.2,0,0.2,2.3,12.6,44,74.9,20.5,5.8,14
20755,9302,2714,55.3,22.8,0.5,2.8,0.3,0.3,12.6,0.5,23.5,0.5,20,99.4,13.3
20758,721,283,90,6,0,0,0,0,2.6,17.3,46.5,61.7,30.9,10.7,19.5
20759,3355,1155,71.4,8.1,0.1,13.6,0,0.2,3.2,11.7,41.8,78.3,16.4,6.3,13.2
20762,2973,1385,56,21.4,0.3,2.4,0.5,0.5,14,0.3,23.5,0.4,50,99.2,12.5
20763,2664,1059,48.1,25.1,0.3,15.5,0,0.4,7.7,6.6,32.4,29.5,20,63.1,33
20764,4176,1945,83.5,10.8,0.4,0.7,0,0.2,2.6,11.2,41.4,72.9,14.9,14.3,28.2
20765,514,246,79.4,16.7,0.4,0.6,0,0,1.6,22.4,53.3,48.2,37.6,22.8,32.7
20769,6604,2150,22.6,61,0.1,6.3,0,0.4,7.2,9.2,40.7,84.9,10.1,5.5,17.5
20770,25173,11407,24.1,49.8,0.2,8.9,0.1,0.3,14.1,7.2,33.6,36.4,20.2,54.3,47.9
20772,42625,16207,14.1,78.1,0.4,1.3,0.1,0.2,3.5,8.9,38.9,78.7,8.8,13.7,33.8
20774,43013,17131,4,89.6,0.2,1.8,0,0.2,2.5,10.5,39.1,73.9,6.5,21,37.8
20776,3289,1224,81.9,11.4,0.3,0.5,0.2,0,4,14.2,44.6,60.7,32.4,10.2,23.5
20777,3314,1111,81.2,4.7,0.3,8.3,0.1,0.1,3,12.9,45.6,76.3,20.1,4.5,7.7
20778,2009,813,90.4,4.3,0.1,1.1,0,0,2.8,12.3,45.4,75.8,16.4,9.4,15.5
20779,1182,534,86.5,6.9,0.9,1,0,0.2,3,16.2,47.9,66.6,24.1,12.3,16.2
20781,11440,4093,24.4,31,0.3,2.6,0.1,0.4,39.3,6.7,32.9,47.5,15.4,43.9,34.6
20782,30560,11552,15.2,45.6,0.2,3.1,0.1,0.3,33.7,9.4,32.6,36.2,18.2,55.8,40.7
20783,44487,13891,7.6,26.6,0.2,4.6,0.1,0.3,59.4,7.5,30.8,37,18.4,54.7,39.5
20784,29449,10155,8.1,56.5,0.3,2.6,0.1,0.4,30.6,7,32.1,53.6,12.4,38.8,39.4
20785,35052,14864,6.3,81.3,0.2,0.9,0,0.2,9.3,8.7,33.2,48,10.7,46.2,56.7
20794,14098,3202,44.2,44.1,0.2,3,0,0.2,6.1,6.4,36.2,59.5,22.5,23.3,28
20812,255,100,90.2,1.2,0,2.4,0,0,3.9,12.9,42.4,72.9,19.5,9.4,4.3
20814,27642,14103,76,4.1,0.1,9.3,0.1,0.3,7.6,16.3,40.3,40.5,27.7,43.9,14.4
20815,29082,13850,80.3,4.3,0.1,6.2,0,0.3,6.3,20.6,45.4,45.4,28.9,36.2,13.5
20816,16208,6666,82.8,2.3,0.1,5.6,0,0.4,6.5,17.3,44,58,27.5,20,10.8
20817,36240,14020,74,3.8,0.1,11.7,0.1,0.3,7.4,17.5,44.5,60.1,27,17.6,11.4
20818,1962,789,80.3,3.7,0.3,8.2,0.1,0.6,4.2,14.6,47.3,68.1,23.5,11,19.3
20832,24965,8863,66.1,11.3,0.1,11,0,0.2,9.1,10,41.2,75.1,13.4,13.2,18.3
20833,7735,2545,72.7,8.9,0.1,8.8,0,0.4,6.7,10,42.5,80.8,13.7,6.4,12.2
20837,5789,2059,82.2,6.3,0.4,2.1,0,0.1,7.1,8,42.6,74.2,14.5,13.2,18
20838,259,109,93.4,1.5,1.2,0.4,0,0,0.8,18.9,50.1,59.6,33.3,10.6,17.2
20839,214,81,78.5,9.8,0.5,1.4,0,0,5.6,21.5,45,57.9,27.9,19.7,23.6
20841,10460,2908,38.6,13.8,0.1,35.3,0,0.2,9,7.1,37.5,85.4,8.5,6.7,9.5
20842,1824,781,84.5,6.8,0.2,1,0,0.1,5.3,16.8,47.9,51.6,33.2,22.7,15.5
20850,46340,19085,52.8,10.1,0.1,23.5,0,0.3,10.2,13.5,39.3,49.8,17.9,39.4,20
20851,14191,5042,41.2,9.3,0.4,15.1,0.1,0.4,31.2,9,35.1,48.9,20.8,38.2,26.8
20852,40365,20062,59.1,6.5,0.2,19.7,0,0.3,11.8,16.4,38.8,37.9,24.5,49.9,19.2
20853,29673,10035,50.8,10.7,0.2,11.8,0,0.4,24,15.9,41.4,64.7,23.4,15.5,19.3
20854,49611,17262,69,4.5,0,18.2,0,0.3,5.5,17.7,46.5,70.3,23.8,7.7,10.2
20855,14295,5018,60.6,7.6,0.2,17.9,0.1,0.4,10.3,13.8,43.8,68.5,20.6,13.7,15.7
20860,2396,849,57,23.3,0.1,9.9,0.1,0.2,5.8,26.9,47.6,54.2,11.2,39,14.1
20861,1875,668,73.2,9.5,0.1,7.8,0.1,0.2,5.9,13.6,46,76.8,17.6,6.9,13.4
20862,343,124,83.7,3.8,0,5.2,0,0,4.4,19.2,49.5,77.1,19.5,4.2,16.7
20866,13344,4652,26.1,42.7,0.2,18,0,0.4,9.6,7.7,36.5,69.8,10,22.4,31.9
20868,790,250,46.2,23.8,0.4,15.9,0,0.4,10,12.9,42.6,75.6,16.2,9.8,16.6
20871,13130,4295,45.1,14,0.1,28.2,0.1,0.2,9.3,5.7,34.4,81.7,7.7,11.5,15.5
20872,13104,4575,72.1,7.6,0.3,5.2,0,0.1,12.2,7.9,37.5,75.2,12.5,14.1,20.8
20874,57367,22256,40.4,21.8,0.2,16,0,0.3,17.9,5.3,33.9,63.6,6.1,32.3,29.5
20876,25496,8738,33.5,21.9,0.2,20.4,0,0.3,20.3,5.3,33.4,62.6,9.5,30.9,27
20877,34321,12249,26.4,19.6,0.2,13.3,0,0.4,37.5,10.6,33.9,39.6,14.8,53.5,35.8
20878,62446,23155,53,9.1,0.1,23.1,0,0.2,11.7,8.3,38.2,63.3,12.6,27.5,18.3
20879,24360,8371,34.3,21.2,0.3,16,0,0.5,24.4,6,34.3,67.3,9.2,25.8,28.6
20880,450,204,87.6,0.9,0,7.6,0,0,3.3,15.3,51.6,73.2,22,6.2,23.4
20882,14063,4654,77.1,6.5,0.2,6.1,0.1,0.2,7.5,10.3,43.7,80.2,15,5.6,12.4
20886,33282,12759,37.7,23.5,0.2,10.8,0,0.5,24.4,8.9,35.6,62.8,11.5,29,30.9
20895,19054,7475,73.7,6.3,0.1,5.9,0,0.4,11.1,15.8,42.3,62.1,22.2,20.3,16.3
20896,906,352,88,1.2,0,3.1,0,0,5,18.9,47.3,64.5,29.9,8.1,17.6
20899,142,130,30.3,52.8,0,8.5,0,0,5.6,11.3,43.5,0,100,99.2,80
20901,34832,12912,43.1,23.3,0.1,7.8,0.1,0.4,22.6,10.2,36.7,56.6,18.1,30.9,25
20902,48841,17073,35.1,17.9,0.2,10.1,0.1,0.5,33.8,10.9,35.4,52,21.2,34,27.6
20903,23625,7318,12.1,27.5,0.2,10,0,0.5,47.9,8.1,31.5,31.9,19.6,60.3,39
20904,54612,21452,26.7,41.6,0.1,13.8,0.1,0.4,14.8,15,38,42.3,21.5,46.2,35.7
20905,18044,5977,45.3,22.9,0.2,17.4,0,0.3,10.6,13.2,43.6,72.1,20.2,9.7,18.5
20906,64696,25715,32,24.4,0.2,11.6,0,0.7,28.9,19.2,40.1,46.3,30.3,33.5,34
20910,37445,19047,48.3,27.9,0.2,7.1,0,0.3,13.1,9.7,35.2,30.8,17,62.9,27.1
20912,24807,10257,34,37.2,0.1,3.8,0.1,0.4,21.5,8.3,35.6,35.5,15.9,57.8,34.4
21001,21487,8942,61.7,26.2,0.3,2.6,0.3,0.2,4.8,13,38.1,50.1,24.6,33.6,42.9
21005,2112,760,57.9,20.1,0.6,2,0.7,0.4,14.6,0.1,22.4,0,100,98.8,15.2
21009,29766,11620,77.5,12.5,0.2,3.7,0.1,0.1,3.8,8,34.8,74.5,10.8,16.5,20.9
21010,104,107,70.2,9.6,0,2.9,0,0,12.5,1.9,35.5,0,0,100,10.5
21012,21317,8140,87.1,4.4,0.2,2.4,0,0.2,3.8,12.2,41.3,70.2,17.5,14.9,20
21013,4653,1743,95.5,0.5,0.1,1.2,0,0.2,1.9,18.4,48.1,65.2,31.4,4.9,11.2
21014,36047,14355,88.9,4,0.1,2.3,0,0.1,3,14.5,40.7,60.3,23.2,21.6,20.5
21015,27763,10221,86.7,4.9,0.1,3.9,0,0.1,2.8,12,40.1,69.9,20.1,12.5,17.2
21017,7062,2880,61.4,24.7,0.3,3.8,0,0.3,6.2,6.6,33,63.6,7.5,31.2,32.7
21028,3460,1296,90.3,3.8,0.3,1.6,0.2,0.1,2.4,17.8,45.6,60.6,32,10.9,12.8
21029,11333,3515,63.1,5.9,0.1,25.5,0,0.2,2.4,8.3,41.7,79,15.3,6.7,9.9
21030,24355,10994,64.8,13.9,0.2,12,0,0.3,6.7,12.7,37.5,34.5,26.3,53.2,29.5
21031,4,2,100,0,0,0,0,0,0,0,35.5,0,0,100,0
21032,8848,3488,88.4,5.3,0.2,1.4,0.2,0.1,2.5,13,44.5,70.4,20.7,11.2,18.2
21034,3387,1402,92.4,3.3,0.6,0.4,0,0,1.7,18,45.2,51.9,36.7,18,24.4
21035,7815,2733,89.7,4.1,0.3,1.6,0,0.1,2.4,14.8,45.9,73.8,21.3,6.2,10.8
21036,2114,717,81.5,4.4,0.2,8.5,0,0.3,3.5,15.9,46.1,69.3,25.3,7.2,10
21037,20618,8449,87.5,3.2,0.3,1.5,0,0.1,5.4,12.9,41.6,70.3,18.3,13.9,22.1
21040,24420,9281,46.4,41.1,0.2,1.7,0.1,0.1,6.7,7.8,32,56.6,17.1,31.8,48.9
21042,38076,13587,71.8,5.7,0.1,17.1,0,0.2,2.7,13,44,67.5,22.9,12.5,11.3
21043,42246,16308,58.3,11.3,0.2,23.2,0.1,0.2,4.2,9.2,37.2,57.4,15.1,32.3,16.1
21044,41704,18371,53.5,24.8,0.2,10.6,0.1,0.3,6.8,13,38.8,49.3,16.9,40.6,30.6
21045,38288,15283,46.1,28.5,0.2,10.2,0,0.3,10.9,10.8,36.5,59.6,14.9,30,31.4
21046,15080,6262,60.4,21.4,0.2,8.6,0,0.4,5.5,7.4,36.3,59.6,14.5,30.3,27.7
21047,11873,4293,93.4,1.7,0.2,1.9,0,0.2,1.8,16,44.9,67.7,28.5,5.3,10.3
21048,10650,3993,93.1,2.6,0.1,1.7,0,0.1,1.3,14,44.8,65.5,27.8,9.2,15.9
21050,18202,6609,92.1,2.8,0.1,1.6,0,0.1,2,13.7,41.3,69.5,21.7,11.2,14.3
21051,279,105,98.6,0.4,0,0,0,0,0.4,16.1,46.4,68,30.7,1.9,10
21052,303,131,97.4,0,0.3,0.7,0,0,1.3,16.5,48.2,63.9,27.6,11.8,10.2
21053,3305,1223,94.6,1.9,0.1,0.8,0,0.1,1.5,13.6,44.5,60.7,31.5,11.4,14.6
21054,10127,3850,80.9,8.3,0.3,4.3,0.1,0.1,3.8,15.3,43.3,70.4,19.7,12.4,16.7
21056,267,230,94,2.6,0.4,0.7,0,0,2.2,26.6,56.8,53.4,41.7,8.5,15.9
21057,4112,1695,91.4,3.3,0.3,2,0,0.1,1.6,23.1,49.9,55.7,36.8,11.9,18.3
21060,29223,12076,70.3,16.8,0.4,3,0.1,0.1,6.9,13.5,38.7,55.1,21.4,29.9,36.4
21061,53684,22143,61.6,21.9,0.3,4.6,0.1,0.2,8.3,11,34.8,41,22,47.5,42.2
21071,497,222,91.1,4,0,0.4,0,0,3,17.7,47.1,60.2,30.3,13.6,21.2
21074,15084,5777,93.6,1.5,0.2,1,0,0.2,2.4,12.4,40.4,66.1,21.3,16,19.4
21075,26344,10215,59.3,16.3,0.2,14.4,0,0.3,6.1,6.6,33.4,62.4,15,26.6,24.2
21076,12952,4956,53.3,23.6,0.2,12.8,0.1,0.2,6,8,37.1,68.5,14,20.3,18.8
21077,224,98,80.4,12.1,1.3,3.6,0,0,0.9,20.5,43.4,52.1,31,24.5,22.2
21078,17603,7797,76.4,14,0.3,2.2,0.1,0.1,4,15,43.3,51.9,25.1,30.8,30
21082,654,263,96.2,0.2,0.3,1.2,0,0,0.9,17,47.8,57.6,34,12.8,24.2
21084,7652,2806,95.8,1.2,0.2,0.7,0,0,0.9,14.6,45.8,67.5,28.2,6,14.4
21085,16171,6552,79.4,13.6,0.3,2.2,0,0.1,2.7,15.1,42.5,60.5,25.6,18.7,25.5
21087,5451,2076,95.1,1.1,0.1,1.2,0,0.1,1.6,18.4,48.7,58.7,36.6,7.4,12.5
21090,9784,3962,88,3.1,0.3,4.2,0.1,0.1,2.7,17.6,44.2,58.4,30.7,15.7,20
21093,36465,16205,83.6,3.5,0.1,8.5,0.1,0.2,2.8,23.5,47.7,53.1,34.2,19.2,17
21102,11751,4245,93.5,2.1,0.1,1,0,0.1,2.3,12,41,68,22.1,12.7,16.3
21104,4601,1506,87.4,4,0.1,5.2,0,0.2,1.6,9.9,41.8,77,18.8,5.2,8.7
21105,65,28,83.1,0,0,3.1,0,0,13.8,12.3,39.5,20,58.3,52,22.2
21108,17964,6517,79.2,10.2,0.2,3.9,0.1,0.1,4.2,11.3,39.8,66.1,20,17.3,19
21111,4903,1883,92.6,2.4,0.3,1.8,0,0,2.2,15.1,46.1,62.3,29.7,11.5,14
21113,30469,12705,58.7,25.1,0.3,5.8,0.1,0.3,6.3,8.3,34.3,61.9,10.6,30.7,28.9
21114,25225,9857,77.7,9.8,0.1,4.5,0.1,0.2,4.7,8,35.2,69.5,10.6,22.3,23.8
21117,53778,23010,45.5,38.8,0.2,6.7,0,0.3,6.2,8.7,34.9,49.4,14.1,42.5,33.6
21120,6967,2540,93.3,1.6,0.3,1.7,0,0.1,1.8,12.7,44.9,68.2,26.1,7.6,9.9
21122,60576,22896,87.2,5.9,0.3,1.7,0.1,0.1,3,11.1,39.5,70.5,18.9,13,24.7
21128,12802,5053,76.3,7.7,0.1,11.5,0,0.2,2.6,12.9,39.1,67,23,13,15.6
21130,187,90,86.6,2.7,0,5.3,0.5,0,3.2,9.6,41.6,32.1,53.4,31,42.5
21131,7253,2656,93.4,0.9,0.1,2.5,0,0.3,1.6,14.7,46.2,69.1,27.2,5.1,7.4
21132,2634,954,97.3,0.6,0.1,0.6,0,0,0.6,12.7,43.1,65.2,27.9,9.6,16
21133,29998,11630,11.7,80.7,0.2,2.1,0,0.2,2.9,12.2,39.1,60.9,12.7,30.2,44
21136,33781,13146,66.6,19.4,0.2,5,0.1,0.2,6.2,11.4,39.6,59.8,20.2,25.1,28.3
21140,3457,1364,92.7,1.2,0.2,1.6,0,0,2.7,11.9,43.6,76.2,16.2,9.1,14.8
21144,31884,11447,50.3,33.9,0.3,5.4,0.1,0.2,6.1,8.3,36.3,64.6,15.6,23.5,33.8
21146,26705,9747,88.8,4.4,0.1,2.7,0,0.1,2.4,15,43.3,69.5,22.4,10.5,14.7
21152,5544,2425,87.3,3.9,0.1,4.1,0,0,2.4,13.3,42.5,57.1,25.4,23.5,20
21153,323,131,87.3,0.9,0,5.3,0.6,0,4,14.9,42.4,47.9,37.4,23.5,12.8
21154,6464,2396,94.1,1.9,0.2,0.6,0,0.1,1.7,14.7,44.3,60,30.6,13.6,18.1
21155,2371,1002,94.1,1.2,0,0.7,0,0.1,3.4,20.2,47.7,52.2,36,18.3,18.2
21156,358,142,94.1,2.8,0,0.6,0,0,1.4,17.6,48,62.4,32.5,7.5,18.9
21157,36920,14399,89.5,3.6,0.2,1.4,0,0.1,3.7,14.3,41.3,56.3,22.9,27,22.7
21158,20234,7692,91.6,3,0.1,1.6,0,0.1,2.1,13.8,40.5,63.6,21.3,19.3,22.5
21160,2408,924,94.4,1.8,0.3,0.7,0,0,1,13.6,41.1,57.3,29.4,18.8,20.2
21161,5490,2074,95.4,1.1,0.1,0.6,0,0,1.8,14.6,45.1,63.6,28.3,11.3,14.5
21162,3655,1392,84.1,6,0.4,5.9,0,0,2.2,15.3,41.6,62.4,29.1,11.9,17.7
21163,7026,2542,56.8,20.3,0.1,18.1,0,0.1,2.5,14.6,42.4,70.4,20.6,11.4,12.6
21201,16972,11255,32.3,52.4,0.3,9,0,0.2,3.4,10.9,30.3,7.8,16.3,90.6,81.5
21202,22832,10372,26.5,65,0.2,3.6,0,0.3,2.9,6.7,32.3,17.9,21.7,77.2,80.7
21204,20253,8274,81,9.6,0.2,4.2,0,0.2,3.5,19.1,34.5,33.4,32.6,50.4,17.4
21205,16146,7059,18.2,69.7,0.4,1.5,0,0.1,8.6,10.1,30.6,23,43.8,59,78.2
21206,50846,21762,25.8,68,0.3,1.5,0,0.2,2.1,9.6,35.4,49.5,18.3,39.4,56.4
21207,48133,20272,9.7,83.7,0.2,1.1,0,0.2,3.4,13.7,38.7,48,19.6,40.2,56.1
21208,33917,15621,53.7,38.9,0.2,2.4,0,0.2,3,23.8,46.7,46.9,30.2,32.8,32
21209,26465,12054,74.4,13.4,0.1,7.8,0,0.2,2.5,15.7,37.7,41.8,29.8,40.5,17.6
21210,14292,5949,78.1,6.4,0.1,10.1,0,0.1,3.2,13.9,31.6,38.9,32.2,42.7,14.3
21211,17351,9287,75.8,13.2,0.3,4.8,0,0.2,3.5,16.3,36.9,41.4,23.2,46.1,46.9
21212,32322,14380,52.5,39,0.2,3.2,0,0.2,3.1,12.9,38.6,53.4,22.7,30.9,36
21213,32733,14968,6,91.1,0.2,0.4,0,0.1,1.1,10.9,35.6,41.8,26,43.5,77.1
21214,20564,8981,40.2,53.2,0.2,1.2,0,0.2,2.5,10.8,39,59.8,19.1,26.1,48.7
21215,60161,26995,14.3,81.1,0.2,0.6,0.1,0.2,2.3,16.8,39.8,35.7,28.9,49.7,60.7
21216,32071,14934,1.2,96.1,0.2,0.2,0,0.1,1.1,13.5,37.4,34.5,31.1,49.9,76.5
21217,37111,21096,9.4,86.4,0.2,1,0,0.1,1.4,11.1,34.3,21.7,27.7,70,81.5
21218,49796,23730,25.6,63.4,0.3,5.7,0,0.2,2.9,11.4,32.8,33,28,54.2,64.7
21219,9379,3816,91.9,4.2,0.4,1,0,0,1.3,17,44.6,54.8,32.7,18.6,26.5
21220,39199,16245,70.9,18.9,0.4,2.4,0,0.1,5,12.3,37,48,26.5,34.6,44.5
21221,42154,17966,65.7,24.7,0.4,1.8,0,0.2,4.9,13.6,38.1,41.6,27.4,42.7,48
21222,55786,23231,79,11.3,0.8,1.6,0,0.1,4.5,14.8,39.1,45.4,32,33.3,46.7
21223,26366,14343,18.4,74.8,0.4,1.3,0,0.1,3.1,10.5,34.8,22.5,37.2,64.1,75.2
21224,49134,23112,59.3,17.2,0.8,2.2,0.1,0.2,18.5,10.6,32.5,42.9,25.8,42.2,52.4
21225,33545,13715,45.6,42.9,0.3,1.7,0,0.1,6.6,10.1,32,35.4,28,50.9,64.7
21226,7561,3347,75,14.4,0.5,1.9,0,0.1,4.9,8.5,34.7,50.9,16.7,38.9,46.1
21227,33534,13611,72.5,15,0.2,3.6,0.1,0.1,6.3,12.8,35,48.2,24.7,36,45.3
21228,47577,19985,64.7,21.3,0.2,7.5,0,0.2,3.9,19,43.4,52.8,26,28.7,24.8
21229,45213,19681,17.8,75.4,0.3,2.8,0,0.1,2,12.8,37.2,44.5,22.5,42.6,63.6
21230,33568,17478,62.9,26.3,0.3,3.1,0,0.2,5.4,9,31.8,44.5,19.4,44.8,55.2
21231,15748,9108,49.7,32.6,0.6,3.8,0.1,0.1,11.6,8.2,32.1,28,21.1,64.6,67
21234,69752,31527,65.5,24.7,0.2,4.3,0,0.1,3.4,17.5,40.1,44.6,27.2,38.7,41.6
21236,38474,16332,74.1,12.4,0.2,8.1,0,0.2,3.1,12.4,37.9,53.5,23.7,29.9,32.1
21237,30059,12461,56.8,26.8,0.4,7.4,0,0.2,6.3,13.1,37.2,48.9,24.5,35.3,35.8
21239,28793,12505,14.9,79.3,0.2,2.1,0,0.1,1.9,12.7,36,45.6,20.2,42.9,59.5
21240,0,0,0,0,0,0,0,0,0,0,0,0,0,0,0
21244,34611,14378,10.5,76.5,0.2,5.6,0,0.2,4.6,8.1,33.8,42.5,12.4,51.5,51.3
21250,3205,1,51.4,20.3,0.1,19.4,0.1,0.2,4.3,0,19.9,0,100,0,0
21251,934,0,3.5,92,0,1.3,0.1,0,0.4,0,19.6,0,0,0,0
21252,2872,0,74.1,15.7,0.2,3.7,0,0.3,3.4,0,19.3,0,0,0,0
21286,19206,8594,79.7,9.3,0.1,5.6,0,0.2,3,20.3,40.7,42.6,33.1,36.3,20.6
21401,36012,17412,67.8,18.8,0.2,2.2,0,0.2,9.2,19.4,42.1,45.4,27.1,37.7,35.9
21402,5217,344,72,6.1,0.3,3.9,0.2,0.1,11.8,0.2,20.9,3.7,38.5,94,10.8
21403,30269,14329,65.7,16.6,0.2,2,0,0.2,13.5,15.2,40.5,49.4,19.9,38.3,35.5
21405,544,340,96.9,0,0,1.1,0,0,2,23.3,49.5,58.6,37.7,5.9,15.3
21409,20064,7718,84.1,7.3,0.2,1.7,0,0.2,4.8,12.4,40.8,70,17.3,15.4,20.2
21502,44400,19499,84.8,10.7,0.1,0.8,0,0.1,1.7,17.6,41.6,40.1,40.7,32.3,38.7
21520,2074,1054,96.6,1.4,0.2,0.2,0,0,0.4,14.7,40.5,43.7,42.6,23.9,19.5
21521,1265,605,98.2,0.1,0.1,0.2,0,0,0.6,22.1,45.6,40.1,48.9,21.4,27.6
21522,141,53,100,0,0,0,0,0,0,9.9,40.6,35.3,57.1,17.6,27.6
21523,286,124,97.9,0,0,0,0,0,1.4,23.8,48.3,45,49,11.7,13.5
21524,626,275,98.4,0,0,0.3,0,0,0.3,20,46,40.2,51.8,16.5,26.6
21529,631,287,97.3,0.3,0,0.3,0,0,1.4,23.3,47.7,46.6,42.5,19.1,28.7
21530,1591,801,96.1,1.3,0.3,0.2,0,0,1,18.7,44.3,45,46,16.6,29.5
21531,2227,1278,98,0.2,0.3,0.1,0,0,0.6,17.2,44.1,38.2,49.3,24.6,25.6
21532,15620,6425,88.4,7.4,0.1,1.2,0,0.1,1.6,15.2,30.5,36.1,42.5,37.2,29.4
21536,4121,1890,97.5,0.8,0.1,0.2,0,0,0.8,17.8,41.2,40.2,45.5,26.2,24.8
21538,716,358,99.3,0,0.1,0,0,0,0.3,17.5,41.2,36.1,57,16.1,24.3
21539,2819,1240,97.3,1.3,0,0.1,0,0,0.4,19.7,41.6,36.4,49.8,27.4,30.4
21540,65,61,93.8,0,0,0,0,0,6.2,33.8,48.5,18.2,71.4,36.4,50
21541,1546,2293,90.7,6.3,0.3,0.7,0,0,1.4,14.8,42.1,39.5,39.1,35.2,27.6
21542,483,229,98.1,0.2,0,0,0,0,0.8,19.7,42.9,37.6,46.9,29.2,37.6
21543,140,61,98.6,0,0,0.7,0,0,0,19.3,47.3,49.1,48.1,5.5,42.3
21545,1940,868,97.4,0.5,0.1,0.1,0,0,0.8,17.8,43.2,49.4,42.5,14.1,19.2
21550,14194,8203,97.9,0.4,0.1,0.3,0,0,0.7,18,43.1,43.9,41.9,24.5,28.2
21555,1936,1054,97.1,0.6,0.2,0.1,0,0,1.2,17.5,45.9,47.9,42.9,16.1,24.7
21557,1895,876,97.6,0.4,0.1,0.6,0.1,0.1,0.5,20.8,45.8,47.7,44.8,13.6,28.1
21561,2627,2699,97.7,1.5,0,0.2,0,0,0.3,19.9,46.4,45.9,48,11.8,20.8
21562,3141,1536,98.3,0.5,0,0.1,0,0,0.4,23,45.4,38.2,49.3,24.6,31.5
21601,23597,11292,74.6,14.3,0.1,1.6,0.1,0.2,7.6,22.7,45.1,45.9,31.8,32.7,34.3
21607,583,236,81.6,8.4,0.9,0,0,0,7.9,10.6,40.1,56.5,29.5,19.8,24.5
21610,378,347,90.7,3.4,0.8,0.5,0,0,2.6,16.7,47.4,41.9,37.4,33.1,39.7
21612,492,377,96.5,1,0.2,0,0,0,1.2,32.9,57.6,50.2,44.9,8.9,12.7
21613,17330,8985,57.2,35.4,0.3,1.1,0,0.1,3.9,18.2,42.4,35.9,37.7,42.4,57.5
21617,9907,3897,87,7.6,0.3,1,0,0.1,2.5,14.8,40.6,64.7,21,18.1,19.2
21619,5848,2715,88.1,6,0.3,1.2,0,0.1,2.8,16.4,44.4,64.3,18.2,21.4,31.1
21620,12853,6159,77.4,16.3,0.2,1,0,0.1,3.4,21.9,43.9,44.9,34.2,31.7,36.6
21622,558,354,86.6,9.7,0.4,0.2,0,0,2.3,25.3,50.2,42.4,46.1,21.2,30
21623,2111,816,78.4,13.2,0.3,0.8,0,0,5.4,10.9,38.5,57.3,25.4,23.2,22.8
21624,143,99,99.3,0.7,0,0,0,0,0,25.2,52.2,37.7,55.2,15.9,40
21625,2719,1083,85.8,10,0.1,0.4,0,0.1,2.1,14.3,43.3,58.6,28.8,17.8,22.1
21626,120,122,94.2,2.5,0.8,0.8,0,0,1.7,25.8,52.7,48.3,47.3,8.3,27.8
21627,18,27,100,0,0,0,0,0,0,27.8,58.3,30,62.5,20,0
21628,556,251,91,5.8,0,0.2,0,0,2,20.3,43,49.3,39.8,18.1,40.7
21629,9555,3897,82,13,0.4,0.6,0,0.1,2.2,15.5,40.2,52.3,27.5,27.9,32.6
21631,2731,1216,88.1,8.6,0.1,0.7,0,0,1.8,17.4,44.4,56.9,33.4,14.4,20.7
21632,6353,2742,70.2,24,0.2,0.9,0,0.2,2.7,14,39.2,41.3,35,36.4,49.8
21634,305,307,94.1,0.7,0,0,0,0,4.3,30.5,51.9,53.6,40.5,10,23.8
21635,2098,1034,88.4,4.3,0.1,0.4,0,0.1,5.9,18.9,46.1,53.2,33.8,19.6,20.6
21636,1186,486,87.4,7,0.3,0.2,0,0,4.5,13.4,41.1,55.7,32,18,32.7
21638,4934,2191,78.1,14.1,0.3,1.4,0,0.1,4.2,16.5,43.4,64.1,20.2,19.7,25.1
21639,4408,1779,83.6,8.1,0.3,0.5,0,0,5.5,11.4,35.9,54.3,24.2,28.4,31.5
21640,1632,651,85.2,4.7,0.1,0.5,0,0.1,8,11.6,38.7,54.7,31.5,20.1,32.9
21641,117,55,98.3,1.7,0,0,0,0,0,12,37.9,49,16.7,41.2,37.5
21643,5979,2576,61.5,31.6,0.3,0.9,0,0.1,3.7,13.1,40.2,57,26.1,22.9,42.1
21644,111,41,83.8,0.9,0,0,0,0,15.3,11.7,34.5,60.5,30.3,13.2,20.7
21645,1039,594,78.3,3.8,0,0.2,0,0,16.7,21.3,44.8,46.6,39.9,22.4,29.4
21647,289,184,85.5,12.5,0,0,0,0,0.7,28,54.9,47.8,41.8,17.9,44.1
21648,255,150,87.5,10.2,0,0.8,0,0,0.8,25.5,49.4,50.5,41.4,13.9,37.8
21649,1858,593,51.7,1.8,0.4,0.2,0.3,0.1,44.4,6.9,29,39.3,39,35.6,30.3
21650,238,98,75.6,2.5,0.8,1.3,0,0,16,13.9,37,48.8,32.8,27.5,26.7
21651,2898,1234,80.4,10.5,0.2,0.9,0.1,0.1,6.6,13.6,40.2,59,26.2,20.1,34.5
21652,183,154,96.7,0,0,0,0,0,2.2,44.3,62.3,48.9,42.3,15.2,21.1
21653,114,77,93.9,3.5,0,0,0,0,1.8,23.7,52,44.4,45.5,18.5,44.4
21654,1236,974,92.2,5.3,0,0.5,0,0,0.6,36.8,59.6,46.1,43.5,18.5,12
21655,5009,2165,83.5,12.7,0.2,0.5,0,0.1,1.4,15.1,42.5,58.4,29.4,17.2,29
21657,777,310,85.6,9.9,0,0.9,0,0,2.3,12.5,42.2,57.6,29.1,18.8,25
21658,3862,1679,89.4,6.2,0.3,0.6,0.1,0.1,2.4,19.7,47,62.8,27.7,13.1,17.4
21659,1551,702,83.9,11.4,0,0.5,0,0,2.8,16.4,44.5,47.6,43.4,15.9,41.1
21660,4063,1557,76.5,16,0.3,0.3,0,0.1,4.7,10.7,35.8,58.8,20.4,26.1,32.5
21661,2653,1792,88,8.9,0.1,0.2,0,0,1.5,27.2,52.3,45.8,40.6,22.9,36.6
21662,555,422,79.8,17.1,0,0.4,0,0,2.2,31.9,56.5,50.6,38.1,18.3,19.4
21663,3308,2167,85.9,10.4,0.1,0.6,0,0.1,2.1,35.3,57.5,47.6,37.5,23.8,37.7
21664,539,236,85.2,6.3,0.4,0.2,0,0,7.2,16.9,43.6,50.2,33.7,24.2,30.3
21665,287,195,95.1,2.4,0.3,0,0,0,1.4,27.2,49.6,66.4,29.6,5.7,30.8
21666,12309,5085,92.8,2.2,0.2,1.2,0,0.1,2,12.2,42.6,75.2,14.6,11.9,17.4
21667,310,155,90.6,6.5,0,0.3,0,0,0.6,23.9,49.7,58.6,32.8,12.8,15.9
21668,1904,785,86.8,6.4,0.2,0.1,0,0,4.9,16.2,41.4,47.1,35.4,27.1,22.3
21669,229,228,92.1,2.2,0.9,0.4,0,0,3.1,25.8,52.2,53.3,38.5,13.3,11.5
21671,756,619,96.6,1.5,0.5,0.5,0,0,0.7,29.1,54.2,55.8,33,16.8,42.5
21672,241,216,95.9,3.7,0,0,0,0,0.4,25.3,51.2,41,56.8,5.1,34.2
21673,3136,1456,77.7,17.2,0.1,0.8,0.1,0.2,3,17,44.9,54.9,26.5,25.4,25.7
21675,105,103,99,1,0,0,0,0,0,23.8,50.3,48.9,47.7,6.4,41.2
21676,398,260,93,3.5,0,0.8,0,0,1.5,27.1,53.5,50.3,38.9,17.7,36.2
21677,440,248,92.3,3.6,0.2,0.2,0,0,2.5,26.8,47.7,56.2,35.9,12.4,23.8
21678,2301,1144,70.6,25.6,0,0.4,0,0.2,2.3,19.9,47,53.8,33.1,19.6,32.8
21679,483,189,92.3,2.3,0.2,1.2,0,0.2,1.9,13.9,43.9,68.2,22.1,12.5,5.4
21701,35293,15847,77,11.5,0.3,2.8,0,0.2,5.7,13.9,39.7,53.8,18.5,34,30.2
21702,38847,15617,61.7,15.9,0.3,5.7,0.1,0.2,13.3,11.8,36.2,52.2,18.5,36,27.7
21703,32854,12772,59.1,15.2,0.2,7.3,0.1,0.3,15,7.5,33.3,58.7,12.5,32.9,28.7
21704,13321,4439,68.2,8.3,0.2,12.3,0,0.3,7.8,8.2,36.3,77.1,10.6,13.7,12.3
21705,8,0,75,12.5,0,12.5,0,0,0,0,44,0,0,0,0
21710,4515,1710,85.1,6.1,0.2,2.4,0.1,0,4.6,15.2,42.2,64.5,18.7,20.7,9.1
21711,1029,418,98.2,0.1,0,0.4,0,0,0.4,15.2,42.9,53.1,35.8,17.3,13.7
21713,9502,3769,93.5,1.9,0.2,1.3,0,0.1,2.2,16,43.6,60.6,25.9,18.3,20.8
21714,99,61,88.9,3,0,0,0,0,5.1,14.1,35.4,34.9,21.1,55.8,34.8
21716,4885,2054,86.3,5.8,0.2,0.9,0,0.1,4.3,11.1,38.5,59.1,17.1,28.7,32.1
21717,54,25,100,0,0,0,0,0,0,20.4,50,40.9,35.7,36.4,22.2
21718,151,74,98,0,0,0.7,0,0,1.3,15.2,50.5,50.7,30,27.5,33.3
21719,1548,660,93.2,3,0.3,0.2,0.1,0.1,1.3,10.5,36.1,47.1,30.1,32.6,41.8
21722,5545,2186,96.8,0.8,0.1,0.4,0,0,1.1,13.5,42.5,55.6,32.5,17.6,19.6
21723,803,252,73.5,8.8,0,12.2,0,0,2.7,8,38.7,79.8,16.5,4.5,8
21727,5850,1811,90.7,3.2,0.4,1.2,0,0.6,2.9,13.1,30.6,50.5,28.2,29.6,23.2
21733,1163,428,95.2,1.4,0.3,0.1,0,0,1.9,11.6,41,68.4,22,12.3,13.6
21734,771,392,96.8,1.2,0.3,0.3,0.1,0,0.5,16.7,46.4,34.4,39.5,43.1,37.6
21737,1458,466,77.1,3.7,0.1,13.4,0,0.1,2.9,9.4,42.4,79.2,16.8,4.7,11.2
21738,3268,1062,87.3,3.8,0,4.4,0.1,0,2.5,11.1,43.8,80.5,16.5,3.5,8.4
21740,61859,25858,75.9,14.9,0.1,1.3,0,0.2,4.5,13.1,37.3,38.6,30.5,44.4,43.2
21742,31444,13555,82.7,7.6,0.1,2.6,0.1,0.2,4.4,16.1,40.1,45.4,30.4,34.7,28.4
21746,1883,0,28,70.7,0.1,0.1,0,0.1,0.6,1.1,35.9,0,0,0,0
21750,3766,1779,97.5,0.5,0.3,0.5,0,0,0.5,17.8,43.3,40.5,40,32.4,34
21754,6323,2198,87.8,2.8,0.3,3.2,0.1,0.1,4,8.7,42.7,77.9,16.8,6.3,12.2
21755,5591,2103,91.4,2,0.3,1.2,0,0.1,3.6,12,43.8,67.3,23.4,12.2,15.3
21756,3612,1340,95.5,1.4,0.4,0.3,0,0.1,1.6,10.4,40.7,69.4,21.8,11.2,13.9
21757,3036,1170,93.9,1.6,0.2,0.6,0,0,2.7,14.7,44,54.7,32.3,19.2,21.8
21758,4921,1882,87.6,5.7,0.2,1.4,0,0.2,2.6,12.3,40.8,66,22.1,15.3,19.1
21762,249,100,89.6,4.8,0.4,0,0,0,3.2,9.6,37.2,43.8,30.4,37.1,29.3
21766,700,396,98.6,0.3,0.1,0.3,0,0,0,21.3,46.6,47.1,45.5,13.5,20.2
21767,991,463,92.4,2.4,0.3,0.9,0,0,2.7,19.5,41.4,38.2,29.5,45.8,39
21769,11236,4149,92,1.5,0.1,1.9,0,0.1,2.8,11.9,42.6,70.1,20.4,11.9,16
21770,5164,1780,91.8,1.3,0.2,1.3,0,0.1,3.9,10.9,44.7,80.6,16.4,3.7,11.6
21771,29563,10200,90.8,2.2,0.2,1.5,0,0.1,3.8,10.5,41,75.1,17.7,8.7,13.5
21773,5460,2080,93.9,1,0.2,0.8,0,0.2,2.4,12.5,43.3,64.2,26.2,13,12.4
21774,11662,4073,88.6,2.7,0.1,2.1,0,0.1,4.3,6.3,36.5,85.2,8,7.4,15.6
21776,5735,2159,92.5,3.2,0,1.1,0.1,0,2.1,11.4,41.6,65.6,21.8,16.2,19.4
21777,1470,528,82.1,7.8,0.4,2,0,0.4,5.2,6.3,37.8,86,8.6,5.9,14.3
21778,1094,438,96,0,0.4,0.4,0,0,2.2,16.1,45.1,53.3,32.7,20.8,20.9
21779,983,394,96.3,0.9,0.1,0.4,0,0,1.7,15.9,45.3,61.5,29.4,12.9,12.7
21780,1625,661,94.2,2.7,0.1,0.2,0,0.1,2.3,14.5,41.1,52.2,36.2,18.1,20
21781,136,7,69.9,12.5,0,16.9,0,0,0.7,2.2,17.9,16.7,50,66.7,100
21782,4097,1730,95.2,0.5,0.2,0.3,0,0,1.3,13.4,43.9,59.9,29.3,15.3,20.6
21783,9130,3522,93,2,0.2,0.6,0,0.1,2.9,12.7,39.9,58.3,27.2,19.9,24.7
21784,37941,13454,89.5,4.4,0.2,2.2,0,0.1,2.3,12.3,41.3,68.5,19.8,14.6,15.3
21787,10693,4171,92,2.9,0.2,0.6,0.1,0,2.3,14.8,40.3,59.4,25.2,20.6,28.7
21788,11622,4718,95.1,0.8,0.3,0.9,0,0,1.9,14.9,42.4,59.1,25.2,21,23.8
21790,100,44,87,0,0,1,0,0,10,19,45.7,41.9,40,30.2,12.5
21791,5281,2053,94.5,2.3,0.1,0.3,0,0.1,1.7,14.7,42.7,57.5,26.6,21.6,23.3
21793,9775,3591,83.2,6.8,0.1,1.9,0,0.1,5.5,11.9,39.5,67,18.1,18.1,23.3
21794,2434,777,78.5,5.5,0.1,11.1,0,0.2,2.1,10.7,42.9,74.1,20.7,6.6,8
21795,9233,3958,92.9,2.7,0.2,1.1,0,0,1.6,19.7,43.8,44.6,33.9,32.5,30.7
21797,8839,3079,88,3.9,0.2,3.3,0.1,0.1,2.9,12.1,43.7,70,22.6,9.5,10
21798,2345,896,91.2,2.3,0.1,0.8,0,0.3,3.8,13.9,42.7,60.9,24.1,19.9,15.8
21801,29961,11922,55.4,34.7,0.2,2.7,0,0.2,4.9,13,35.2,43.4,26.5,41,44.4
21802,89,0,71.9,27,0,0,0,0,1.1,7.9,49.3,0,0,0,0
21804,38491,16184,66.6,22,0.2,2.9,0,0.2,5.7,13.1,32.9,38.5,30.5,44.6,44.8
21810,487,221,68.6,27.9,0.4,0,0,0,1.2,17.7,45,53.4,40.2,10.6,33
21811,22550,14832,84.1,10,0.3,1,0,0.1,3,27.4,51.1,53.4,33,20.3,35
21813,2852,1345,87.8,6.6,0.1,0.9,0.1,0.1,3.1,15.2,45.5,57.7,33.2,13.6,20.7
21814,380,224,70.5,21.3,0.3,0,0,0,2.6,14.7,48.2,48.8,39.6,19.3,36.8
21817,5236,2897,71.5,21.8,0.6,0.6,0,0.1,3.8,20,43.5,36.7,41.2,37.6,57.5
21821,991,734,86.4,10.4,0.4,0.8,0,0.7,0.3,24,51.7,52,39.5,14.1,33.6
21822,1930,827,76.5,17.9,0.6,1.2,0,0.1,1.8,14.7,44.5,56.8,34.6,13.1,28
21824,198,181,94.9,3,0,1,0,0,0,35.9,58,38.9,59.3,4.2,38.9
21826,4837,2028,59.2,31,0.6,3.2,0,0.4,3.1,10.5,32.5,44.8,27.2,38.5,42
21829,527,247,82.5,10.4,0.4,0.2,0,0,4.6,20.3,44.2,43.1,43.1,24.2,33.9
21830,4026,1591,83,12.5,0.2,0.8,0,0,2,13.1,39.7,65.2,22.3,16,24.8
21835,507,235,81.3,12,0.6,0.8,0,0,4.3,17.8,47.4,30,65.6,12.7,41
21837,2614,1119,72.6,21.4,0.5,0.3,0.1,0.2,2.5,14.2,41.6,57.3,29,19.3,33.9
21838,1736,894,69.2,18.7,0.5,0.9,0,0.1,9.2,18,45.8,50.5,40.1,15.6,36.3
21840,375,276,73.6,20,0.3,0.3,0,0.5,4,24.5,51.8,50.9,39.2,16.4,35
21841,860,394,79.7,16.2,0,1.2,0,1,0.9,15.5,43.6,53.8,33.7,18.9,24.1
21842,11089,32844,90.1,2.2,0.2,1.2,0,0.3,4.9,25.6,50.6,43.2,39.2,29,32.8
21849,3238,1375,88.5,5.7,0.2,1.3,0,0.2,2.2,13.7,42.3,54.7,32.3,19.2,33.2
21850,2790,1279,91.2,3.6,0.1,1.4,0,0.1,1.9,13.2,40.5,52.7,30.6,24,35.9
21851,7315,3365,59.3,34.5,0.4,1.6,0,0.2,2.2,16.7,41.7,42.2,35.7,34.3,47.7
21853,11126,4431,37.8,55.3,0.2,0.8,0,0.3,3.6,11.3,25,33.1,35.1,48.9,50.8
21856,1035,440,68,27.1,0.2,0.6,0,0,2.1,16.2,43,56.4,28.9,20.6,26.8
21861,757,337,90.6,5.5,0,0.4,0,0,1.8,15.5,40.9,47.6,41.6,18.5,31
21862,106,54,84.9,4.7,1.9,5.7,0,0,2.8,13.2,46,25.5,50,48.9,25
21863,5029,2192,66.5,28.8,0.2,0.8,0,0.2,1.9,17.2,44.3,45.6,35.9,28.8,43.7
21864,611,309,75.3,19.3,0.3,0.3,0,0,2.5,17.5,45.5,52.1,34,21.1,29.6
21865,470,286,83.6,14.7,0,0.2,0,0,1.1,22.8,51,55.1,36.7,13,42.9
21866,78,74,98.7,0,0,0,0,0,1.3,35.9,59,52.4,38.9,14.3,0
21867,114,69,75.4,22.8,0.9,0,0,0,0,10.5,40.5,61.2,21.1,22.4,48.1
21869,1006,561,74,21.9,0.6,0.2,0,0.3,1.4,22.2,48,39.9,50.1,20,40.6
21871,2124,1080,71.3,24.6,0.3,0.6,0,0,1.7,17.8,45.9,45.9,42.2,20.5,25.2
21872,718,307,83.6,11.8,0.3,1.8,0,0,1.3,15.2,45.2,50.6,39.6,16.2,25.9
21874,2210,917,89.3,5,0.2,1.3,0,0.1,2.7,11.6,38.1,54,29.6,23.3,33.5
21875,6467,2796,75,15.1,0.2,3.7,0,0.1,3.5,10.8,37.1,51.4,25.8,30.7,35.1
21890,3240,0,25,73.8,0,0.1,0,0,0.9,1.5,35.6,0,0,0,0
21901,15875,6648,90.4,4.2,0.2,1,0,0,2.5,10.3,37,55.6,21.8,28.9,32.2
21902,471,43,57.3,39.5,1.1,0.6,0.8,0,0.2,25.9,55.6,19,0,81,41.7
21903,5687,2613,84.8,7.9,0.4,1.2,0.1,0.3,3.5,13.2,42.2,53.3,22.4,31.4,28.8
21904,7252,2871,89.5,5.1,0.3,0.5,0,0.1,2.4,10.7,40.7,59.4,27.6,17.9,30.2
21911,11004,4081,95.3,0.6,0.3,0.5,0,0,2.1,12.6,38.7,57.9,25.3,22.5,25.4
21912,1231,508,84.6,7.5,0.2,0.3,0,0.5,6.3,11.5,40.9,56.9,26.6,22.5,23.7
21913,663,264,79,11.8,0,0.5,0.3,0,7.1,12.8,35.4,45.1,27.7,37.6,38
21914,765,428,95.9,0,0.1,0.5,0,0,2.5,15.3,43.6,55.3,29.4,21.7,35.3
21915,3030,1582,91.9,1.8,0.1,0.4,0.2,0,5,16.6,46,55.3,29.7,21.4,29.9
21916,37,0,100,0,0,0,0,0,0,81.1,71.8,0,0,0,0
21917,2520,907,94.7,1.2,0.1,0.7,0,0.3,1.5,12.3,42,68.2,22.1,12.5,16.7
21918,4284,1589,95.6,1.3,0.1,0.7,0,0.1,1.1,11.2,41.2,61.1,30,12.8,24.2
21919,3467,2179,95.8,1.2,0.4,0.2,0,0.1,1.2,19.5,47.1,52.7,39.5,12.9,21.7
21920,257,100,88.7,6.6,0,0,0,0,0.8,10.5,42.6,40.2,41.3,31.5,26.6
21921,44471,17232,82.5,8.9,0.2,1.5,0,0.1,4.5,10.8,36.7,51.9,24.5,31.3,34.5
21930,94,58,71.3,22.3,0,1.1,0,0,2.1,23.4,50.3,23.9,54.2,47.8,21.4